Temporada,Round,Day,Date,Time,Home,Score,Away,Attendance,Venue,Referee,Match Report,Notes
2009-2010,Round of 16,Tue,2010-02-16,,Lyonfr,1–0,esReal Madrid,,Stade de Gerland,Martin Atkinson,Match Report,Leg 1 of 2
2009-2010,Round of 16,Tue,2010-02-16,,Milanit,2–3,engManchester Utd,,Stadio Giuseppe Meazza,Olegário Benquerença,Match Report,Leg 1 of 2
2009-2010,Round of 16,Wed,2010-02-17,,Portopt,2–1,engArsenal,,Estádio do Dragão,Martin Hansson,Match Report,Leg 1 of 2
2009-2010,Round of 16,Wed,2010-02-17,,Bayern Munichde,2–1,itFiorentina,,Fußball Arena München,Tom Henning Øvrebø,Match Report,Leg 1 of 2
2009-2010,Round of 16,Tue,2010-02-23,,Olympiacosgr,0–1,frBordeaux,,Stadio Georgios Karaiskakis,Howard Webb,Match Report,Leg 1 of 2
2009-2010,Round of 16,Tue,2010-02-23,,Stuttgartde,1–1,esBarcelona,,VfB Arena,Björn Kuipers,Match Report,Leg 1 of 2
2009-2010,Round of 16,Wed,2010-02-24,,CSKA Moscowru,1–1,esSevilla,,Stadion Luzhniki,Felix Brych,Match Report,Leg 1 of 2
2009-2010,Round of 16,Wed,2010-02-24,,Interit,2–1,engChelsea,,Stadio Giuseppe Meazza,Mejuto González,Match Report,Leg 1 of 2
2009-2010,Round of 16,Tue,2010-03-09,,Fiorentinait,3–2,deBayern Munich,,Stadio Artemio Franchi,Undiano Mallenco,Match Report,Leg 2 of 2; Bayern Munich won
2009-2010,Round of 16,Tue,2010-03-09,,Arsenaleng,5–0,ptPorto,,Arsenal Stadium,Frank de Bleeckere,Match Report,Leg 2 of 2; Arsenal won
2009-2010,Round of 16,Wed,2010-03-10,,Real Madrides,1–1,frLyon,,Estadio Santiago Bernabéu,Nicola Rizzoli,Match Report,Leg 2 of 2; Lyon won
2009-2010,Round of 16,Wed,2010-03-10,,Manchester Utdeng,4–0,itMilan,,Old Trafford,Massimo Busacca,Match Report,Leg 2 of 2; Manchester Utd won
2009-2010,Round of 16,Tue,2010-03-16,,Chelseaeng,0–1,itInter,,Stamford Bridge,Wolfgang Stark,Match Report,Leg 2 of 2; Inter won
2009-2010,Round of 16,Tue,2010-03-16,,Sevillaes,1–2,ruCSKA Moscow,,Estadio Ramón Sánchez Pizjuán,Viktor Kassai,Match Report,Leg 2 of 2; CSKA Moscow won
2009-2010,Round of 16,Wed,2010-03-17,,Bordeauxfr,2–1,grOlympiacos,,Stade Chaban,Olegário Benquerença,Match Report,Leg 2 of 2; Bordeaux won
2009-2010,Round of 16,Wed,2010-03-17,,Barcelonaes,4–0,deStuttgart,,Camp Nou,Alain Hamer,Match Report,Leg 2 of 2; Barcelona won
2009-2010,,,,,,,,,,,,
2009-2010,Quarter-finals,Tue,2010-03-30,,Bayern Munichde,2–1,engManchester Utd,,Fußball Arena München,Frank de Bleeckere,Match Report,Leg 1 of 2
2009-2010,Quarter-finals,Tue,2010-03-30,,Lyonfr,3–1,frBordeaux,,Stade de Gerland,Felix Brych,Match Report,Leg 1 of 2
2009-2010,Quarter-finals,Wed,2010-03-31,,Interit,1–0,ruCSKA Moscow,,Stadio Giuseppe Meazza,Howard Webb,Match Report,Leg 1 of 2
2009-2010,Quarter-finals,Wed,2010-03-31,,Arsenaleng,2–2,esBarcelona,,Arsenal Stadium,Massimo Busacca,Match Report,Leg 1 of 2
2009-2010,Quarter-finals,Tue,2010-04-06,,CSKA Moscowru,0–1,itInter,,Stadion Luzhniki,Stéphane Lannoy,Match Report,Leg 2 of 2; Inter won
2009-2010,Quarter-finals,Tue,2010-04-06,,Barcelonaes,4–1,engArsenal,,Camp Nou,Wolfgang Stark,Match Report,Leg 2 of 2; Barcelona won
2009-2010,Quarter-finals,Wed,2010-04-07,,Bordeauxfr,1–0,frLyon,,Stade Chaban,Undiano Mallenco,Match Report,Leg 2 of 2; Lyon won
2009-2010,Quarter-finals,Wed,2010-04-07,,Manchester Utdeng,3–2,deBayern Munich,,Old Trafford,Nicola Rizzoli,Match Report,Leg 2 of 2; Bayern Munich won
2009-2010,,,,,,,,,,,,
2009-2010,Semi-finals,Tue,2010-04-20,,Interit,3–1,esBarcelona,,Stadio Giuseppe Meazza,Olegário Benquerença,Match Report,Leg 1 of 2
2009-2010,Semi-finals,Wed,2010-04-21,,Bayern Munichde,1–0,frLyon,,Fußball Arena München,Roberto Rosetti,Match Report,Leg 1 of 2
2009-2010,Semi-finals,Tue,2010-04-27,,Lyonfr,0–3,deBayern Munich,,Stade de Gerland,Massimo Busacca,Match Report,Leg 2 of 2; Bayern Munich won
2009-2010,Semi-finals,Wed,2010-04-28,,Barcelonaes,1–0,itInter,,Camp Nou,Frank de Bleeckere,Match Report,Leg 2 of 2; Inter won
2009-2010,,,,,,,,,,,,
2009-2010,Final,Sat,2010-05-22,,Bayern Munichde,0–2,itInter,,Estadio Santiago Bernabéu (Neutral Site),Howard Webb,Match Report,
2010-2011,Round,Day,Date,Time,Home,Score,Away,Attendance,Venue,Referee,Match Report,Notes
2010-2011,Round of 16,Tue,2011-02-15,,Valenciaes,1–1,deSchalke 04,,Estadi de Mestalla,Aleksei Nikolaev,Match Report,Leg 1 of 2
2010-2011,Round of 16,Tue,2011-02-15,,Milanit,0–1,engTottenham,,Stadio Giuseppe Meazza,Stéphane Lannoy,Match Report,Leg 1 of 2
2010-2011,Round of 16,Wed,2011-02-16,,Arsenaleng,2–1,esBarcelona,,Arsenal Stadium,Nicola Rizzoli,Match Report,Leg 1 of 2
2010-2011,Round of 16,Wed,2011-02-16,,Romait,2–3,uaShakhtar,,Stadio Olimpico,Olegário Benquerença,Match Report,Leg 1 of 2
2010-2011,Round of 16,Tue,2011-02-22,,Lyonfr,1–1,esReal Madrid,,Stade de Gerland,Wolfgang Stark,Match Report,Leg 1 of 2
2010-2011,Round of 16,Tue,2011-02-22,,FC Copenhagendk,0–2,engChelsea,,Telia Parken,Björn Kuipers,Match Report,Leg 1 of 2
2010-2011,Round of 16,Wed,2011-02-23,,Interit,0–1,deBayern Munich,,Stadio Giuseppe Meazza,Viktor Kassai,Match Report,Leg 1 of 2
2010-2011,Round of 16,Wed,2011-02-23,,Marseillefr,0–0,engManchester Utd,,Stade Vélodrome,Felix Brych,Match Report,Leg 1 of 2
2010-2011,Round of 16,Tue,2011-03-08,,Barcelonaes,3–1,engArsenal,,Camp Nou,Massimo Busacca,Match Report,Leg 2 of 2; Barcelona won
2010-2011,Round of 16,Tue,2011-03-08,,Shakhtarua,3–0,itRoma,,Donbass Arena,Howard Webb,Match Report,Leg 2 of 2; Shakhtar won
2010-2011,Round of 16,Wed,2011-03-09,,Tottenhameng,0–0,itMilan,,White Hart Lane,Frank de Bleeckere,Match Report,Leg 2 of 2; Tottenham won
2010-2011,Round of 16,Wed,2011-03-09,,Schalke 04de,3–1,esValencia,,Arena AufSchalke,Jonas Eriksson,Match Report,Leg 2 of 2; Schalke 04 won
2010-2011,Round of 16,Tue,2011-03-15,,Manchester Utdeng,2–1,frMarseille,,Old Trafford,Velasco Carballo,Match Report,Leg 2 of 2; Manchester Utd won
2010-2011,Round of 16,Tue,2011-03-15,,Bayern Munichde,2–3,itInter,,Fußball Arena München,Pedro Proença,Match Report,Leg 2 of 2; Inter won
2010-2011,Round of 16,Wed,2011-03-16,,Real Madrides,3–0,frLyon,,Estadio Santiago Bernabéu,Damir Skomina,Match Report,Leg 2 of 2; Real Madrid won
2010-2011,Round of 16,Wed,2011-03-16,,Chelseaeng,0–0,dkFC Copenhagen,,Stamford Bridge,Svein Oddvar Moen,Match Report,Leg 2 of 2; Chelsea won
2010-2011,,,,,,,,,,,,
2010-2011,Quarter-finals,Tue,2011-04-05,,Real Madrides,4–0,engTottenham,,Estadio Santiago Bernabéu,Felix Brych,Match Report,Leg 1 of 2
2010-2011,Quarter-finals,Tue,2011-04-05,,Interit,2–5,deSchalke 04,,Stadio Giuseppe Meazza,Martin Atkinson,Match Report,Leg 1 of 2
2010-2011,Quarter-finals,Wed,2011-04-06,,Barcelonaes,5–1,uaShakhtar,,Camp Nou,Craig Thomson,Match Report,Leg 1 of 2
2010-2011,Quarter-finals,Wed,2011-04-06,,Chelseaeng,0–1,engManchester Utd,,Stamford Bridge,Undiano Mallenco,Match Report,Leg 1 of 2
2010-2011,Quarter-finals,Tue,2011-04-12,,Shakhtarua,0–1,esBarcelona,,Donbass Arena,Florian Meyer,Match Report,Leg 2 of 2; Barcelona won
2010-2011,Quarter-finals,Tue,2011-04-12,,Manchester Utdeng,2–1,engChelsea,,Old Trafford,Olegário Benquerença,Match Report,Leg 2 of 2; Manchester Utd won
2010-2011,Quarter-finals,Wed,2011-04-13,,Tottenhameng,0–1,esReal Madrid,,White Hart Lane,Nicola Rizzoli,Match Report,Leg 2 of 2; Real Madrid won
2010-2011,Quarter-finals,Wed,2011-04-13,,Schalke 04de,2–1,itInter,,Arena AufSchalke,Damir Skomina,Match Report,Leg 2 of 2; Schalke 04 won
2010-2011,,,,,,,,,,,,
2010-2011,Semi-finals,Tue,2011-04-26,,Schalke 04de,0–2,engManchester Utd,,Arena AufSchalke,Velasco Carballo,Match Report,Leg 1 of 2
2010-2011,Semi-finals,Wed,2011-04-27,,Real Madrides,0–2,esBarcelona,,Estadio Santiago Bernabéu,Wolfgang Stark,Match Report,Leg 1 of 2
2010-2011,Semi-finals,Tue,2011-05-03,,Barcelonaes,1–1,esReal Madrid,,Camp Nou,Frank de Bleeckere,Match Report,Leg 2 of 2; Barcelona won
2010-2011,Semi-finals,Wed,2011-05-04,,Manchester Utdeng,4–1,deSchalke 04,,Old Trafford,Pedro Proença,Match Report,Leg 2 of 2; Manchester Utd won
2010-2011,,,,,,,,,,,,
2010-2011,Final,Sat,2011-05-28,,Barcelonaes,3–1,engManchester Utd,,Wembley Stadium (Neutral Site),Viktor Kassai,Match Report,
2011-2012,Round,Day,Date,Time,Home,Score,Away,Attendance,Venue,Referee,Match Report,Notes
2011-2012,Round of 16,Tue,2012-02-14,,Leverkusende,1–3,esBarcelona,,BayArena,Craig Thomson,Match Report,Leg 1 of 2
2011-2012,Round of 16,Tue,2012-02-14,,Lyonfr,1–0,cyAPOEL FC,,Stade de Gerland,Paolo Tagliavento,Match Report,Leg 1 of 2
2011-2012,Round of 16,Wed,2012-02-15,,Zenitru,3–2,ptBenfica,,Stadion Petrovski,Jonas Eriksson,Match Report,Leg 1 of 2
2011-2012,Round of 16,Wed,2012-02-15,,Milanit,4–0,engArsenal,,Stadio Giuseppe Meazza,Viktor Kassai,Match Report,Leg 1 of 2
2011-2012,Round of 16,Tue,2012-02-21,,Napoliit,3–1,engChelsea,,Stadio San Paolo,Velasco Carballo,Match Report,Leg 1 of 2
2011-2012,Round of 16,Tue,2012-02-21,,CSKA Moscowru,1–1,esReal Madrid,,Stadion Luzhniki,Björn Kuipers,Match Report,Leg 1 of 2
2011-2012,Round of 16,Wed,2012-02-22,,Marseillefr,1–0,itInter,,Stade Vélodrome,Cüneyt Çakır,Match Report,Leg 1 of 2
2011-2012,Round of 16,Wed,2012-02-22,,Baselch,1–0,deBayern Munich,,St. Jakob,Nicola Rizzoli,Match Report,Leg 1 of 2
2011-2012,Round of 16,Tue,2012-03-06,,Benficapt,2–0,ruZenit,,Estádio do Sport Lisboa e Benfica,Howard Webb,Match Report,Leg 2 of 2; Benfica won
2011-2012,Round of 16,Tue,2012-03-06,,Arsenaleng,3–0,itMilan,,Arsenal Stadium,Damir Skomina,Match Report,Leg 2 of 2; Milan won
2011-2012,Round of 16,Wed,2012-03-07,,APOEL FCcy,(4)1–0(3),frLyon,,GSP Stadium,Undiano Mallenco,Match Report,Leg 2 of 2; APOEL FC won; APOEL FC won on penalty kicks following extra time
2011-2012,Round of 16,Wed,2012-03-07,,Barcelonaes,7–1,deLeverkusen,,Camp Nou,Svein Oddvar Moen,Match Report,Leg 2 of 2; Barcelona won
2011-2012,Round of 16,Tue,2012-03-13,,Bayern Munichde,7–0,chBasel,,Fußball Arena München,Mark Clattenburg,Match Report,Leg 2 of 2; Bayern Munich won
2011-2012,Round of 16,Tue,2012-03-13,,Interit,2–1,frMarseille,,Stadio Giuseppe Meazza,Pedro Proença,Match Report,Leg 2 of 2; Marseille won
2011-2012,Round of 16,Wed,2012-03-14,,Real Madrides,4–1,ruCSKA Moscow,,Estadio Santiago Bernabéu,Stéphane Lannoy,Match Report,Leg 2 of 2; Real Madrid won
2011-2012,Round of 16,Wed,2012-03-14,,Chelseaeng,4–1,itNapoli,,Stamford Bridge,Felix Brych,Match Report,Leg 2 of 2; Chelsea won; Required Extra Time
2011-2012,,,,,,,,,,,,
2011-2012,Quarter-finals,Tue,2012-03-27,,Benficapt,0–1,engChelsea,,Estádio do Sport Lisboa e Benfica,Paolo Tagliavento,Match Report,Leg 1 of 2
2011-2012,Quarter-finals,Tue,2012-03-27,,APOEL FCcy,0–3,esReal Madrid,,GSP Stadium,Felix Brych,Match Report,Leg 1 of 2
2011-2012,Quarter-finals,Wed,2012-03-28,,Milanit,0–0,esBarcelona,,Stadio Giuseppe Meazza,Jonas Eriksson,Match Report,Leg 1 of 2
2011-2012,Quarter-finals,Wed,2012-03-28,,Marseillefr,0–2,deBayern Munich,,Stade Vélodrome,Velasco Carballo,Match Report,Leg 1 of 2
2011-2012,Quarter-finals,Tue,2012-04-03,,Bayern Munichde,2–0,frMarseille,,Fußball Arena München,Svein Oddvar Moen,Match Report,Leg 2 of 2; Bayern Munich won
2011-2012,Quarter-finals,Tue,2012-04-03,,Barcelonaes,3–1,itMilan,,Camp Nou,Björn Kuipers,Match Report,Leg 2 of 2; Barcelona won
2011-2012,Quarter-finals,Wed,2012-04-04,,Chelseaeng,2–1,ptBenfica,,Stamford Bridge,Damir Skomina,Match Report,Leg 2 of 2; Chelsea won
2011-2012,Quarter-finals,Wed,2012-04-04,,Real Madrides,5–2,cyAPOEL FC,,Estadio Santiago Bernabéu,Gianluca Rocchi,Match Report,Leg 2 of 2; Real Madrid won
2011-2012,,,,,,,,,,,,
2011-2012,Semi-finals,Tue,2012-04-17,,Bayern Munichde,2–1,esReal Madrid,,Fußball Arena München,Howard Webb,Match Report,Leg 1 of 2
2011-2012,Semi-finals,Wed,2012-04-18,,Chelseaeng,1–0,esBarcelona,,Stamford Bridge,Felix Brych,Match Report,Leg 1 of 2
2011-2012,Semi-finals,Tue,2012-04-24,,Barcelonaes,2–2,engChelsea,,Camp Nou,Cüneyt Çakır,Match Report,Leg 2 of 2; Chelsea won
2011-2012,Semi-finals,Wed,2012-04-25,,Real Madrides,(1)2–1(3),deBayern Munich,,Estadio Santiago Bernabéu,Viktor Kassai,Match Report,Leg 2 of 2; Bayern Munich won; Bayern Munich won on penalty kicks following extra time
2011-2012,,,,,,,,,,,,
2011-2012,Final,Sat,2012-05-19,,Bayern Munichde,(3)1–1(4),engChelsea,,Fußball Arena München (Neutral Site),Pedro Proença,Match Report,Chelsea won on penalty kicks following extra time
2012-2013,Round,Day,Date,Time,Home,Score,Away,Attendance,Venue,Referee,Match Report,Notes
2012-2013,Round of 16,Tue,2013-02-12,,Valenciaes,1–2,frParis S-G,,Estadi de Mestalla,Paolo Tagliavento,Match Report,Leg 1 of 2
2012-2013,Round of 16,Tue,2013-02-12,,Celticsct,0–3,itJuventus,,Celtic Park,Undiano Mallenco,Match Report,Leg 1 of 2
2012-2013,Round of 16,Wed,2013-02-13,,Shakhtarua,2–2,deDortmund,,Donbass Arena,Howard Webb,Match Report,Leg 1 of 2
2012-2013,Round of 16,Wed,2013-02-13,,Real Madrides,1–1,engManchester Utd,,Estadio Santiago Bernabéu,Felix Brych,Match Report,Leg 1 of 2
2012-2013,Round of 16,Tue,2013-02-19,,Portopt,1–0,esMálaga,,Estádio do Dragão,Mark Clattenburg,Match Report,Leg 1 of 2
2012-2013,Round of 16,Tue,2013-02-19,,Arsenaleng,1–3,deBayern Munich,,Arsenal Stadium,Svein Oddvar Moen,Match Report,Leg 1 of 2
2012-2013,Round of 16,Wed,2013-02-20,,Galatasaraytr,1–1,deSchalke 04,,Ali Sami Yen Spor Kompleksi,William Collum,Match Report,Leg 1 of 2
2012-2013,Round of 16,Wed,2013-02-20,,Milanit,2–0,esBarcelona,,Stadio Giuseppe Meazza,Craig Thomson,Match Report,Leg 1 of 2
2012-2013,Round of 16,Tue,2013-03-05,,Manchester Utdeng,1–2,esReal Madrid,,Old Trafford,Cüneyt Çakır,Match Report,Leg 2 of 2; Real Madrid won
2012-2013,Round of 16,Tue,2013-03-05,,Dortmundde,3–0,uaShakhtar,,BVB Stadion Dortmund,Damir Skomina,Match Report,Leg 2 of 2; Dortmund won
2012-2013,Round of 16,Wed,2013-03-06,,Juventusit,2–0,sctCeltic,,Juventus Stadium,Fırat Aydınus,Match Report,Leg 2 of 2; Juventus won
2012-2013,Round of 16,Wed,2013-03-06,,Paris S-Gfr,1–1,esValencia,,Parc des Princes,Milorad Mažić,Match Report,Leg 2 of 2; Paris S-G won
2012-2013,Round of 16,Tue,2013-03-12,,Schalke 04de,2–3,trGalatasaray,,Arena AufSchalke,Jonas Eriksson,Match Report,Leg 2 of 2; Galatasaray won
2012-2013,Round of 16,Tue,2013-03-12,,Barcelonaes,4–0,itMilan,,Camp Nou,Viktor Kassai,Match Report,Leg 2 of 2; Barcelona won
2012-2013,Round of 16,Wed,2013-03-13,,Málagaes,2–0,ptPorto,,La Rosaleda,Nicola Rizzoli,Match Report,Leg 2 of 2; Málaga won
2012-2013,Round of 16,Wed,2013-03-13,,Bayern Munichde,0–2,engArsenal,,Fußball Arena München,Pavel Královec,Match Report,Leg 2 of 2; Bayern Munich won
2012-2013,,,,,,,,,,,,
2012-2013,Quarter-finals,Tue,2013-04-02,,Bayern Munichde,2–0,itJuventus,,Fußball Arena München,Mark Clattenburg,Match Report,Leg 1 of 2
2012-2013,Quarter-finals,Tue,2013-04-02,,Paris S-Gfr,2–2,esBarcelona,,Parc des Princes,Wolfgang Stark,Match Report,Leg 1 of 2
2012-2013,Quarter-finals,Wed,2013-04-03,,Real Madrides,3–0,trGalatasaray,,Estadio Santiago Bernabéu,Svein Oddvar Moen,Match Report,Leg 1 of 2
2012-2013,Quarter-finals,Wed,2013-04-03,,Málagaes,0–0,deDortmund,,La Rosaleda,Jonas Eriksson,Match Report,Leg 1 of 2
2012-2013,Quarter-finals,Tue,2013-04-09,,Galatasaraytr,3–2,esReal Madrid,,Ali Sami Yen Spor Kompleksi,Stéphane Lannoy,Match Report,Leg 2 of 2; Real Madrid won
2012-2013,Quarter-finals,Tue,2013-04-09,,Dortmundde,3–2,esMálaga,,BVB Stadion Dortmund,Craig Thomson,Match Report,Leg 2 of 2; Dortmund won
2012-2013,Quarter-finals,Wed,2013-04-10,,Juventusit,0–2,deBayern Munich,,Juventus Stadium,Velasco Carballo,Match Report,Leg 2 of 2; Bayern Munich won
2012-2013,Quarter-finals,Wed,2013-04-10,,Barcelonaes,1–1,frParis S-G,,Camp Nou,Björn Kuipers,Match Report,Leg 2 of 2; Barcelona won
2012-2013,,,,,,,,,,,,
2012-2013,Semi-finals,Tue,2013-04-23,,Bayern Munichde,4–0,esBarcelona,,Fußball Arena München,Viktor Kassai,Match Report,Leg 1 of 2
2012-2013,Semi-finals,Wed,2013-04-24,,Dortmundde,4–1,esReal Madrid,,BVB Stadion Dortmund,Björn Kuipers,Match Report,Leg 1 of 2
2012-2013,Semi-finals,Tue,2013-04-30,,Real Madrides,2–0,deDortmund,,Estadio Santiago Bernabéu,Howard Webb,Match Report,Leg 2 of 2; Dortmund won
2012-2013,Semi-finals,Wed,2013-05-01,,Barcelonaes,0–3,deBayern Munich,,Camp Nou,Damir Skomina,Match Report,Leg 2 of 2; Bayern Munich won
2012-2013,,,,,,,,,,,,
2012-2013,Final,Sat,2013-05-25,,Dortmundde,1–2,deBayern Munich,,Wembley Stadium (Neutral Site),Nicola Rizzoli,Match Report,
2013-2014,Round,Day,Date,Time,Home,Score,Away,Attendance,Venue,Referee,Match Report,Notes
2013-2014,Round of 16,Tue,2014-02-18,,Manchester Cityeng,0–2,esBarcelona,,City of Manchester Stadium,Jonas Eriksson,Match Report,Leg 1 of 2
2013-2014,Round of 16,Tue,2014-02-18,,Leverkusende,0–4,frParis S-G,,BayArena,Viktor Kassai,Match Report,Leg 1 of 2
2013-2014,Round of 16,Wed,2014-02-19,,Milanit,0–1,esAtlético Madrid,,Stadio Giuseppe Meazza,Pedro Proença,Match Report,Leg 1 of 2
2013-2014,Round of 16,Wed,2014-02-19,,Arsenaleng,0–2,deBayern Munich,,Arsenal Stadium,Nicola Rizzoli,Match Report,Leg 1 of 2
2013-2014,Round of 16,Tue,2014-02-25,,Zenitru,2–4,deDortmund,,Stadion Petrovski,William Collum,Match Report,Leg 1 of 2
2013-2014,Round of 16,Tue,2014-02-25,,Olympiacosgr,2–0,engManchester Utd,,Stadio Georgios Karaiskakis,Gianluca Rocchi,Match Report,Leg 1 of 2
2013-2014,Round of 16,Wed,2014-02-26,,Schalke 04de,1–6,esReal Madrid,,Arena AufSchalke,Howard Webb,Match Report,Leg 1 of 2
2013-2014,Round of 16,Wed,2014-02-26,,Galatasaraytr,1–1,engChelsea,,Ali Sami Yen Spor Kompleksi,Velasco Carballo,Match Report,Leg 1 of 2
2013-2014,Round of 16,Tue,2014-03-11,,Atlético Madrides,4–1,itMilan,,Estadio Vicente Calderón,Mark Clattenburg,Match Report,Leg 2 of 2; Atlético Madrid won
2013-2014,Round of 16,Tue,2014-03-11,,Bayern Munichde,1–1,engArsenal,,Fußball Arena München,Svein Oddvar Moen,Match Report,Leg 2 of 2; Bayern Munich won
2013-2014,Round of 16,Wed,2014-03-12,,Barcelonaes,2–1,engManchester City,,Camp Nou,Stéphane Lannoy,Match Report,Leg 2 of 2; Barcelona won
2013-2014,Round of 16,Wed,2014-03-12,,Paris S-Gfr,2–1,deLeverkusen,,Parc des Princes,Ivan Bebek,Match Report,Leg 2 of 2; Paris S-G won
2013-2014,Round of 16,Tue,2014-03-18,,Real Madrides,3–1,deSchalke 04,,Estadio Santiago Bernabéu,Sergei Karasev,Match Report,Leg 2 of 2; Real Madrid won
2013-2014,Round of 16,Tue,2014-03-18,,Chelseaeng,2–0,trGalatasaray,,Stamford Bridge,Felix Brych,Match Report,Leg 2 of 2; Chelsea won
2013-2014,Round of 16,Wed,2014-03-19,,Manchester Utdeng,3–0,grOlympiacos,,Old Trafford,Björn Kuipers,Match Report,Leg 2 of 2; Manchester Utd won
2013-2014,Round of 16,Wed,2014-03-19,,Dortmundde,1–2,ruZenit,,BVB Stadion Dortmund,Undiano Mallenco,Match Report,Leg 2 of 2; Dortmund won
2013-2014,,,,,,,,,,,,
2013-2014,Quarter-finals,Tue,2014-04-01,,Manchester Utdeng,1–1,deBayern Munich,,Old Trafford,Velasco Carballo,Match Report,Leg 1 of 2
2013-2014,Quarter-finals,Tue,2014-04-01,,Barcelonaes,1–1,esAtlético Madrid,,Camp Nou,Felix Brych,Match Report,Leg 1 of 2
2013-2014,Quarter-finals,Wed,2014-04-02,,Paris S-Gfr,3–1,engChelsea,,Parc des Princes,Milorad Mažić,Match Report,Leg 1 of 2
2013-2014,Quarter-finals,Wed,2014-04-02,,Real Madrides,3–0,deDortmund,,Estadio Santiago Bernabéu,Mark Clattenburg,Match Report,Leg 1 of 2
2013-2014,Quarter-finals,Tue,2014-04-08,,Dortmundde,2–0,esReal Madrid,,BVB Stadion Dortmund,Damir Skomina,Match Report,Leg 2 of 2; Real Madrid won
2013-2014,Quarter-finals,Tue,2014-04-08,,Chelseaeng,2–0,frParis S-G,,Stamford Bridge,Pedro Proença,Match Report,Leg 2 of 2; Chelsea won
2013-2014,Quarter-finals,Wed,2014-04-09,,Bayern Munichde,3–1,engManchester Utd,,Fußball Arena München,Jonas Eriksson,Match Report,Leg 2 of 2; Bayern Munich won
2013-2014,Quarter-finals,Wed,2014-04-09,,Atlético Madrides,1–0,esBarcelona,,Estadio Vicente Calderón,Howard Webb,Match Report,Leg 2 of 2; Atlético Madrid won
2013-2014,,,,,,,,,,,,
2013-2014,Semi-finals,Tue,2014-04-22,,Atlético Madrides,0–0,engChelsea,,Estadio Vicente Calderón,Jonas Eriksson,Match Report,Leg 1 of 2
2013-2014,Semi-finals,Wed,2014-04-23,,Real Madrides,1–0,deBayern Munich,,Estadio Santiago Bernabéu,Howard Webb,Match Report,Leg 1 of 2
2013-2014,Semi-finals,Tue,2014-04-29,,Bayern Munichde,0–4,esReal Madrid,,Fußball Arena München,Pedro Proença,Match Report,Leg 2 of 2; Real Madrid won
2013-2014,Semi-finals,Wed,2014-04-30,,Chelseaeng,1–3,esAtlético Madrid,,Stamford Bridge,Nicola Rizzoli,Match Report,Leg 2 of 2; Atlético Madrid won
2013-2014,,,,,,,,,,,,
2013-2014,Final,Sat,2014-05-24,,Real Madrides,4–1,esAtlético Madrid,,Estádio do Sport Lisboa e Benfica (Neutral Site),Björn Kuipers,Match Report,Required Extra Time
2014-2015,Round,Day,Date,Time,Home,Score,Away,Attendance,Venue,Referee,Match Report,Notes
2014-2015,Round of 16,Tue,2015-02-17,20:45,Paris S-Gfr,1–1,engChelsea,"45,713",Parc des Princes,Cüneyt Çakιr,Match Report,Leg 1 of 2
2014-2015,Round of 16,Tue,2015-02-17,21:45,Shakhtarua,0–0,deBayern Munich,"34,915",L'viv Arena,Alberto Undiano,Match Report,Leg 1 of 2
2014-2015,Round of 16,Wed,2015-02-18,20:45,Baselch,1–1,ptPorto,"34,464",St. Jakob-Park,Mark Clattenburg,Match Report,Leg 1 of 2
2014-2015,Round of 16,Wed,2015-02-18,20:45,Schalke 04de,0–2,esReal Madrid,"54,400",Veltins-Arena,Martin Atkinson,Match Report,Leg 1 of 2
2014-2015,Round of 16,Tue,2015-02-24,19:45,Manchester Cityeng,1–2,esBarcelona,"45,550",Etihad Stadium,Felix Brych,Match Report,Leg 1 of 2
2014-2015,Round of 16,Tue,2015-02-24,20:45,Juventusit,2–1,deDortmund,"41,182",Allianz Stadium,Antonio Matéu Lahoz,Match Report,Leg 1 of 2
2014-2015,Round of 16,Wed,2015-02-25,19:45,Arsenaleng,1–3,frMonaco,"59,868",Emirates Stadium,Deniz Aytekin,Match Report,Leg 1 of 2
2014-2015,Round of 16,Wed,2015-02-25,20:45,Leverkusende,1–0,esAtlético Madrid,"26,230",BayArena,Pavel Královec,Match Report,Leg 1 of 2
2014-2015,Round of 16,Tue,2015-03-10,19:45,Portopt,4–0,chBasel,"43,108",Estádio Do Dragão,Jonas Eriksson,Match Report,Leg 2 of 2; Porto won
2014-2015,Round of 16,Tue,2015-03-10,20:45,Real Madrides,3–4,deSchalke 04,"69,986",Estadio Santiago Bernabéu,Damir Skomina,Match Report,Leg 2 of 2; Real Madrid won
2014-2015,Round of 16,Wed,2015-03-11,19:45,Chelseaeng,2–2,frParis S-G,"37,692",Stamford Bridge,Björn Kuipers,Match Report,Leg 2 of 2; Paris S-G won; Required Extra Time
2014-2015,Round of 16,Wed,2015-03-11,20:45,Bayern Munichde,7–0,uaShakhtar,"70,000",Allianz Arena,William Collum,Match Report,Leg 2 of 2; Bayern Munich won
2014-2015,Round of 16,Tue,2015-03-17,20:45,Monacofr,0–2,engArsenal,17,Stade Louis II.,Svein Oddvar Moen,Match Report,Leg 2 of 2; Monaco won
2014-2015,Round of 16,Tue,2015-03-17,20:45,Atlético Madrides,(3)1–0(2),deLeverkusen,"48,273",Estadio Vicente Calderón,Nicola Rizzoli,Match Report,Leg 2 of 2; Atlético Madrid won; Atlético Madrid won on penalty kicks following extra time
2014-2015,Round of 16,Wed,2015-03-18,20:45,Dortmundde,0–3,itJuventus,"65,851",Signal Iduna Park,Milorad Mažić,Match Report,Leg 2 of 2; Juventus won
2014-2015,Round of 16,Wed,2015-03-18,20:45,Barcelonaes,1–0,engManchester City,"92,551",Camp Nou,Gianluca Rocchi,Match Report,Leg 2 of 2; Barcelona won
2014-2015,,,,,,,,,,,,
2014-2015,Quarter-finals,Tue,2015-04-14,20:45,Juventusit,1–0,frMonaco,"40,801",Allianz Stadium,Pavel Královec,Match Report,Leg 1 of 2
2014-2015,Quarter-finals,Tue,2015-04-14,20:45,Atlético Madrides,0–0,esReal Madrid,"52,553",Estadio Vicente Calderón,Milorad Mažić,Match Report,Leg 1 of 2
2014-2015,Quarter-finals,Wed,2015-04-15,19:45,Portopt,3–1,deBayern Munich,"50,092",Estádio Do Dragão,Carlos Velasco,Match Report,Leg 1 of 2
2014-2015,Quarter-finals,Wed,2015-04-15,20:45,Paris S-Gfr,1–3,esBarcelona,"45,893",Parc des Princes,Mark Clattenburg,Match Report,Leg 1 of 2
2014-2015,Quarter-finals,Tue,2015-04-21,20:45,Barcelonaes,2–0,frParis S-G,"84,477",Camp Nou,Svein Oddvar Moen,Match Report,Leg 2 of 2; Barcelona won
2014-2015,Quarter-finals,Tue,2015-04-21,20:45,Bayern Munichde,6–1,ptPorto,"70,000",Allianz Arena,Martin Atkinson,Match Report,Leg 2 of 2; Bayern Munich won
2014-2015,Quarter-finals,Wed,2015-04-22,20:45,Monacofr,0–0,itJuventus,"17,000",Stade Louis II.,William Collum,Match Report,Leg 2 of 2; Juventus won
2014-2015,Quarter-finals,Wed,2015-04-22,20:45,Real Madrides,1–0,esAtlético Madrid,"80,000",Estadio Santiago Bernabéu,Felix Brych,Match Report,Leg 2 of 2; Real Madrid won
2014-2015,,,,,,,,,,,,
2014-2015,Semi-finals,Tue,2015-05-05,20:45,Juventusit,2–1,esReal Madrid,"41,011",Allianz Stadium,Martin Atkinson,Match Report,Leg 1 of 2
2014-2015,Semi-finals,Wed,2015-05-06,20:45,Barcelonaes,3–0,deBayern Munich,"95,639",Camp Nou,Nicola Rizzoli,Match Report,Leg 1 of 2
2014-2015,Semi-finals,Tue,2015-05-12,20:45,Bayern Munichde,3–2,esBarcelona,"70,000",Allianz Arena,Mark Clattenburg,Match Report,Leg 2 of 2; Barcelona won
2014-2015,Semi-finals,Wed,2015-05-13,20:45,Real Madrides,1–1,itJuventus,"78,153",Estadio Santiago Bernabéu,Jonas Eriksson,Match Report,Leg 2 of 2; Juventus won
2014-2015,,,,,,,,,,,,
2014-2015,Final,Sat,2015-06-06,20:45,Juventusit,1–3,esBarcelona,"70,442",Olympiastadion Berlin (Neutral Site),Cüneyt Çakιr,Match Report,
2015-2016,Round,Day,Date,Time,Home,Score,Away,Attendance,Venue,Referee,Match Report,Notes
2015-2016,Round of 16,Tue,2016-02-16,19:45,Benficapt,1–0,ruZenit,"48,615",Estádio do Sport Lisboa e Benfica,Gianluca Rocchi,Match Report,Leg 1 of 2
2015-2016,Round of 16,Tue,2016-02-16,20:45,Paris S-Gfr,2–1,engChelsea,"46,505",Parc des Princes,Carlos Velasco,Match Report,Leg 1 of 2
2015-2016,Round of 16,Wed,2016-02-17,20:45,Romait,0–2,esReal Madrid,"55,612",Stadio Olimpico,Pavel Královec,Match Report,Leg 1 of 2
2015-2016,Round of 16,Wed,2016-02-17,20:45,Gentbe,2–3,deWolfsburg,"19,978",GHELAMCO-arena,Svein Oddvar Moen,Match Report,Leg 1 of 2
2015-2016,Round of 16,Tue,2016-02-23,19:45,Arsenaleng,0–2,esBarcelona,"59,889",Emirates Stadium,Cüneyt Çakιr,Match Report,Leg 1 of 2
2015-2016,Round of 16,Tue,2016-02-23,20:45,Juventusit,2–2,deBayern Munich,"41,332",Allianz Stadium,Martin Atkinson,Match Report,Leg 1 of 2
2015-2016,Round of 16,Wed,2016-02-24,20:45,PSV Eindhovennl,0–0,esAtlético Madrid,"34,948",Philips Stadion,Daniele Orsato,Match Report,Leg 1 of 2
2015-2016,Round of 16,Wed,2016-02-24,21:45,Dynamo Kyivua,1–3,engManchester City,"53,691",NSK Olimpijs'kyj,Antonio Matéu Lahoz,Match Report,Leg 1 of 2
2015-2016,Round of 16,Tue,2016-03-08,20:45,Wolfsburgde,1–0,beGent,"23,475",Volkswagen Arena,Damir Skomina,Match Report,Leg 2 of 2; Wolfsburg won
2015-2016,Round of 16,Tue,2016-03-08,20:45,Real Madrides,2–0,itRoma,"76,654",Estadio Santiago Bernabéu,Szymon Marciniak,Match Report,Leg 2 of 2; Real Madrid won
2015-2016,Round of 16,Wed,2016-03-09,19:45,Chelseaeng,1–2,frParis S-G,"37,591",Stamford Bridge,Felix Brych,Match Report,Leg 2 of 2; Paris S-G won
2015-2016,Round of 16,Wed,2016-03-09,20:00,Zenitru,1–2,ptBenfica,"17,688",Stadion Petrovskij,Viktor Kassai,Match Report,Leg 2 of 2; Benfica won
2015-2016,Round of 16,Tue,2016-03-15,19:45,Manchester Cityeng,0–0,uaDynamo Kyiv,"43,630",Etihad Stadium,Ovidiu Hațegan,Match Report,Leg 2 of 2; Manchester City won
2015-2016,Round of 16,Tue,2016-03-15,20:45,Atlético Madrides,(8)0–0(7),nlPSV Eindhoven,"50,135",Estadio Vicente Calderón,Mark Clattenburg,Match Report,Leg 2 of 2; Atlético Madrid won; Atlético Madrid won on penalty kicks following extra time
2015-2016,Round of 16,Wed,2016-03-16,20:45,Barcelonaes,3–1,engArsenal,"76,092",Camp Nou,Sergey Karasev,Match Report,Leg 2 of 2; Barcelona won
2015-2016,Round of 16,Wed,2016-03-16,20:45,Bayern Munichde,4–2,itJuventus,"70,000",Allianz Arena,Jonas Eriksson,Match Report,Leg 2 of 2; Bayern Munich won; Required Extra Time
2015-2016,,,,,,,,,,,,
2015-2016,Quarter-finals,Tue,2016-04-05,20:45,Bayern Munichde,1–0,ptBenfica,"70,000",Allianz Arena,Szymon Marciniak,Match Report,Leg 1 of 2
2015-2016,Quarter-finals,Tue,2016-04-05,20:45,Barcelonaes,2–1,esAtlético Madrid,"88,534",Camp Nou,Felix Brych,Match Report,Leg 1 of 2
2015-2016,Quarter-finals,Wed,2016-04-06,20:45,Paris S-Gfr,2–2,engManchester City,"47,228",Parc des Princes,Milorad Mažić,Match Report,Leg 1 of 2
2015-2016,Quarter-finals,Wed,2016-04-06,20:45,Wolfsburgde,2–0,esReal Madrid,"26,400",Volkswagen Arena,Gianluca Rocchi,Match Report,Leg 1 of 2
2015-2016,Quarter-finals,Tue,2016-04-12,19:45,Manchester Cityeng,1–0,frParis S-G,"53,039",Etihad Stadium,Carlos Velasco,Match Report,Leg 2 of 2; Manchester City won
2015-2016,Quarter-finals,Tue,2016-04-12,20:45,Real Madrides,3–0,deWolfsburg,"76,684",Estadio Santiago Bernabéu,Viktor Kassai,Match Report,Leg 2 of 2; Real Madrid won
2015-2016,Quarter-finals,Wed,2016-04-13,19:45,Benficapt,2–2,deBayern Munich,"63,235",Estádio do Sport Lisboa e Benfica,Björn Kuipers,Match Report,Leg 2 of 2; Bayern Munich won
2015-2016,Quarter-finals,Wed,2016-04-13,20:45,Atlético Madrides,2–0,esBarcelona,"52,851",Estadio Vicente Calderón,Nicola Rizzoli,Match Report,Leg 2 of 2; Atlético Madrid won
2015-2016,,,,,,,,,,,,
2015-2016,Semi-finals,Tue,2016-04-26,19:45,Manchester Cityeng,0–0,esReal Madrid,"52,221",Etihad Stadium,Cüneyt Çakιr,Match Report,Leg 1 of 2
2015-2016,Semi-finals,Wed,2016-04-27,20:45,Atlético Madrides,1–0,deBayern Munich,"52,127",Estadio Vicente Calderón,Mark Clattenburg,Match Report,Leg 1 of 2
2015-2016,Semi-finals,Tue,2016-05-03,20:45,Bayern Munichde,2–1,esAtlético Madrid,"70,000",Allianz Arena,Cüneyt Çakιr,Match Report,Leg 2 of 2; Atlético Madrid won
2015-2016,Semi-finals,Wed,2016-05-04,20:45,Real Madrides,1–0,engManchester City,"78,300",Estadio Santiago Bernabéu,Damir Skomina,Match Report,Leg 2 of 2; Real Madrid won
2015-2016,,,,,,,,,,,,
2015-2016,Final,Sat,2016-05-28,20:45,Real Madrides,(5)1–1(3),esAtlético Madrid,"71,942",Stadio Giuseppe Meazza (Neutral Site),Mark Clattenburg,Match Report,Real Madrid won on penalty kicks following extra time
2016-2017,Round,Day,Date,Time,Home,Score,Away,Attendance,Venue,Referee,Match Report,Notes
2016-2017,Round of 16,Tue,2017-02-14,19:45,Benficapt,1–0,deDortmund,"55,124",Estádio do Sport Lisboa e Benfica,Nicola Rizzoli,Match Report,Leg 1 of 2
2016-2017,Round of 16,Tue,2017-02-14,20:45,Paris S-Gfr,4–0,esBarcelona,"46,484",Parc des Princes,Szymon Marciniak,Match Report,Leg 1 of 2
2016-2017,Round of 16,Wed,2017-02-15,20:45,Bayern Munichde,5–1,engArsenal,"70,000",Allianz Arena,Milorad Mažić,Match Report,Leg 1 of 2
2016-2017,Round of 16,Wed,2017-02-15,20:45,Real Madrides,3–1,itNapoli,"78,000",Estadio Santiago Bernabéu,Damir Skomina,Match Report,Leg 1 of 2
2016-2017,Round of 16,Tue,2017-02-21,19:45,Manchester Cityeng,5–3,frMonaco,"53,351",Etihad Stadium,Antonio Matéu Lahoz,Match Report,Leg 1 of 2
2016-2017,Round of 16,Tue,2017-02-21,20:45,Leverkusende,2–4,esAtlético Madrid,"29,300",BayArena,William Collum,Match Report,Leg 1 of 2
2016-2017,Round of 16,Wed,2017-02-22,19:45,Portopt,0–2,itJuventus,"49,229",Estádio Do Dragão,Felix Brych,Match Report,Leg 1 of 2
2016-2017,Round of 16,Wed,2017-02-22,20:45,Sevillaes,2–1,engLeicester City,"38,834",Estadio Ramón Sánchez Pizjuán,Clément Turpin,Match Report,Leg 1 of 2
2016-2017,Round of 16,Tue,2017-03-07,19:45,Arsenaleng,1–5,deBayern Munich,"59,911",Emirates Stadium,Tasos Sidiropoulos,Match Report,Leg 2 of 2; Bayern Munich won
2016-2017,Round of 16,Tue,2017-03-07,20:45,Napoliit,1–3,esReal Madrid,"56,695",Stadio San Paolo,Cüneyt Çakιr,Match Report,Leg 2 of 2; Real Madrid won
2016-2017,Round of 16,Wed,2017-03-08,20:45,Dortmundde,4–0,ptBenfica,"65,849",Signal Iduna Park,Martin Atkinson,Match Report,Leg 2 of 2; Dortmund won
2016-2017,Round of 16,Wed,2017-03-08,20:45,Barcelonaes,6–1,frParis S-G,"96,290",Camp Nou,Deniz Aytekin,Match Report,Leg 2 of 2; Barcelona won
2016-2017,Round of 16,Tue,2017-03-14,19:45,Leicester Cityeng,2–0,esSevilla,"31,520",King Power Stadium,Daniele Orsato,Match Report,Leg 2 of 2; Leicester City won
2016-2017,Round of 16,Tue,2017-03-14,20:45,Juventusit,1–0,ptPorto,"41,161",Allianz Stadium,Ovidiu Hațegan,Match Report,Leg 2 of 2; Juventus won
2016-2017,Round of 16,Wed,2017-03-15,20:45,Atlético Madrides,0–0,deLeverkusen,"49,133",Estadio Vicente Calderón,Sergey Karasev,Match Report,Leg 2 of 2; Atlético Madrid won
2016-2017,Round of 16,Wed,2017-03-15,20:45,Monacofr,3–1,engManchester City,"15,700",Stade Louis II.,Gianluca Rocchi,Match Report,Leg 2 of 2; Monaco won
2016-2017,,,,,,,,,,,,
2016-2017,Quarter-finals,Tue,2017-04-11,20:45,Juventusit,3–0,esBarcelona,"41,092",Allianz Stadium,Szymon Marciniak,Match Report,Leg 1 of 2
2016-2017,Quarter-finals,Wed,2017-04-12,18:45,Dortmundde,2–3,frMonaco,"65,849",Signal Iduna Park,Daniele Orsato,Match Report,Leg 1 of 2
2016-2017,Quarter-finals,Wed,2017-04-12,20:45,Atlético Madrides,1–0,engLeicester City,"51,423",Estadio Vicente Calderón,Jonas Eriksson,Match Report,Leg 1 of 2
2016-2017,Quarter-finals,Wed,2017-04-12,20:45,Bayern Munichde,1–2,esReal Madrid,"70,000",Allianz Arena,Nicola Rizzoli,Match Report,Leg 1 of 2
2016-2017,Quarter-finals,Tue,2017-04-18,19:45,Leicester Cityeng,1–1,esAtlético Madrid,"31,548",King Power Stadium,Gianluca Rocchi,Match Report,Leg 2 of 2; Atlético Madrid won
2016-2017,Quarter-finals,Tue,2017-04-18,20:45,Real Madrides,4–2,deBayern Munich,"78,346",Estadio Santiago Bernabéu,Viktor Kassai,Match Report,Leg 2 of 2; Real Madrid won; Required Extra Time
2016-2017,Quarter-finals,Wed,2017-04-19,20:45,Monacofr,3–1,deDortmund,"17,135",Stade Louis II.,Damir Skomina,Match Report,Leg 2 of 2; Monaco won
2016-2017,Quarter-finals,Wed,2017-04-19,20:45,Barcelonaes,0–0,itJuventus,"96,290",Camp Nou,Björn Kuipers,Match Report,Leg 2 of 2; Juventus won
2016-2017,,,,,,,,,,,,
2016-2017,Semi-finals,Tue,2017-05-02,20:45,Real Madrides,3–0,esAtlético Madrid,"77,609",Estadio Santiago Bernabéu,Martin Atkinson,Match Report,Leg 1 of 2
2016-2017,Semi-finals,Wed,2017-05-03,20:45,Monacofr,0–2,itJuventus,"16,762",Stade Louis II.,Antonio Matéu Lahoz,Match Report,Leg 1 of 2
2016-2017,Semi-finals,Tue,2017-05-09,20:45,Juventusit,2–1,frMonaco,"40,244",Allianz Stadium,Björn Kuipers,Match Report,Leg 2 of 2; Juventus won
2016-2017,Semi-finals,Wed,2017-05-10,20:45,Atlético Madrides,2–1,esReal Madrid,"53,422",Estadio Vicente Calderón,Cüneyt Çakιr,Match Report,Leg 2 of 2; Real Madrid won
2016-2017,,,,,,,,,,,,
2016-2017,Final,Sat,2017-06-03,19:45,Juventusit,1–4,esReal Madrid,"65,842",National Stadium (Neutral Site),Felix Brych,Match Report,
2017-2018,Round,Day,Date,Time,Home,Score,Away,Attendance,Venue,Referee,Match Report,Notes
2017-2018,Round of 16,Tue,2018-02-13,20:45,Juventusit,2–2,engTottenham,"41,232",Allianz Stadium,Felix Brych,Match Report,Leg 1 of 2
2017-2018,Round of 16,Tue,2018-02-13,20:45,Baselch,0–4,engManchester City,"36,000",St. Jakob-Park,Jonas Eriksson,Match Report,Leg 1 of 2
2017-2018,Round of 16,Wed,2018-02-14,19:45,Portopt,0–5,engLiverpool,"47,718",Estádio Do Dragão,Daniele Orsato,Match Report,Leg 1 of 2
2017-2018,Round of 16,Wed,2018-02-14,20:45,Real Madrides,3–1,frParis S-G,"78,158",Estadio Ramón Sánchez Pizjuán,Gianluca Rocchi,Match Report,Leg 1 of 2
2017-2018,Round of 16,Tue,2018-02-20,19:45,Chelseaeng,1–1,esBarcelona,"37,741",Stamford Bridge,Cüneyt Çakιr,Match Report,Leg 1 of 2
2017-2018,Round of 16,Tue,2018-02-20,20:45,Bayern Munichde,5–0,trBeşiktaş,"70,000",Allianz Arena,Ovidiu Hațegan,Match Report,Leg 1 of 2
2017-2018,Round of 16,Wed,2018-02-21,20:45,Sevillaes,0–0,engManchester Utd,"39,725",Estadio Ramón Sánchez Pizjuán,Clément Turpin,Match Report,Leg 1 of 2
2017-2018,Round of 16,Wed,2018-02-21,21:45,Shakhtarua,2–1,itRoma,"35,124",Oblasny SportKomplex Metalist,William Collum,Match Report,Leg 1 of 2
2017-2018,Round of 16,Tue,2018-03-06,19:45,Liverpooleng,0–0,ptPorto,"48,768",Anfield,Felix Zwayer,Match Report,Leg 2 of 2; Liverpool won
2017-2018,Round of 16,Tue,2018-03-06,20:45,Paris S-Gfr,1–2,esReal Madrid,"46,585",Parc des Princes,Felix Brych,Match Report,Leg 2 of 2; Real Madrid won
2017-2018,Round of 16,Wed,2018-03-07,19:45,Manchester Cityeng,1–2,chBasel,"49,411",Etihad Stadium,Pavel Královec,Match Report,Leg 2 of 2; Manchester City won
2017-2018,Round of 16,Wed,2018-03-07,19:45,Tottenhameng,1–2,itJuventus,"84,010",Wembley Stadium,Szymon Marciniak,Match Report,Leg 2 of 2; Juventus won
2017-2018,Round of 16,Tue,2018-03-13,19:45,Manchester Utdeng,1–2,esSevilla,"74,909",Old Trafford,Danny Makkelie,Match Report,Leg 2 of 2; Sevilla won
2017-2018,Round of 16,Tue,2018-03-13,20:45,Romait,1–0,uaShakhtar,"47,693",Stadio Olimpico,Alberto Undiano,Match Report,Leg 2 of 2; Roma won
2017-2018,Round of 16,Wed,2018-03-14,20:00,Beşiktaştr,1–3,deBayern Munich,"36,885",Vodafone Arena,Michael Oliver,Match Report,Leg 2 of 2; Bayern Munich won
2017-2018,Round of 16,Wed,2018-03-14,20:45,Barcelonaes,3–0,engChelsea,"97,183",Camp Nou,Damir Skomina,Match Report,Leg 2 of 2; Barcelona won
2017-2018,,,,,,,,,,,,
2017-2018,Quarter-finals,Tue,2018-04-03,20:45,Sevillaes,1–2,deBayern Munich,"40,635",Estadio Ramón Sánchez Pizjuán,Daniele Orsato,Match Report,Leg 1 of 2
2017-2018,Quarter-finals,Tue,2018-04-03,20:45,Juventusit,0–3,esReal Madrid,"40,849",Allianz Stadium,Cüneyt Çakιr,Match Report,Leg 1 of 2
2017-2018,Quarter-finals,Wed,2018-04-04,19:45,Liverpooleng,3–0,engManchester City,"50,685",Anfield,Felix Brych,Match Report,Leg 1 of 2
2017-2018,Quarter-finals,Wed,2018-04-04,20:45,Barcelonaes,4–1,itRoma,"90,106",Camp Nou,Danny Makkelie,Match Report,Leg 1 of 2
2017-2018,Quarter-finals,Tue,2018-04-10,19:45,Manchester Cityeng,1–2,engLiverpool,"53,461",Etihad Stadium,Antonio Matéu Lahoz,Match Report,Leg 2 of 2; Liverpool won
2017-2018,Quarter-finals,Tue,2018-04-10,20:45,Romait,3–0,esBarcelona,"56,580",Stadio Olimpico,Clément Turpin,Match Report,Leg 2 of 2; Roma won
2017-2018,Quarter-finals,Wed,2018-04-11,20:45,Bayern Munichde,0–0,esSevilla,"70,000",Allianz Arena,William Collum,Match Report,Leg 2 of 2; Bayern Munich won
2017-2018,Quarter-finals,Wed,2018-04-11,20:45,Real Madrides,1–3,itJuventus,"75,796",Estadio Santiago Bernabéu,Michael Oliver,Match Report,Leg 2 of 2; Real Madrid won
2017-2018,,,,,,,,,,,,
2017-2018,Semi-finals,Tue,2018-04-24,19:45,Liverpooleng,5–2,itRoma,"51,236",Anfield,Felix Brych,Match Report,Leg 1 of 2
2017-2018,Semi-finals,Wed,2018-04-25,20:45,Bayern Munichde,1–2,esReal Madrid,"70,000",Allianz Arena,Björn Kuipers,Match Report,Leg 1 of 2
2017-2018,Semi-finals,Tue,2018-05-01,20:45,Real Madrides,2–2,deBayern Munich,"77,459",Estadio Santiago Bernabéu,Cüneyt Çakιr,Match Report,Leg 2 of 2; Real Madrid won
2017-2018,Semi-finals,Wed,2018-05-02,20:45,Romait,4–2,engLiverpool,"61,889",Stadio Olimpico,Damir Skomina,Match Report,Leg 2 of 2; Liverpool won
2017-2018,,,,,,,,,,,,
2017-2018,Final,Sat,2018-05-26,21:45,Real Madrides,3–1,engLiverpool,"61,561",NSK Olimpijs'kyj (Neutral Site),Milorad Mažić,Match Report,
2018-2019,Round,Day,Date,Time,Home,Score,Away,Attendance,Venue,Referee,Match Report,Notes
2018-2019,Round of 16,Tue,2019-02-12,20:00,Manchester Utdeng,0–2,frParis S-G,"74,054",Old Trafford,Daniele Orsato,Match Report,Leg 1 of 2
2018-2019,Round of 16,Tue,2019-02-12,21:00,Romait,2–1,ptPorto,"51,727",Stadio Olimpico,Jochem Kamphuis,Match Report,Leg 1 of 2
2018-2019,Round of 16,Wed,2019-02-13,20:00,Tottenhameng,3–0,deDortmund,"71,214",Wembley Stadium,Antonio Matéu Lahoz,Match Report,Leg 1 of 2
2018-2019,Round of 16,Wed,2019-02-13,21:00,Ajaxnl,1–2,esReal Madrid,"52,286",Johan Cruyff ArenA,Szymon Marciniak,Match Report,Leg 1 of 2
2018-2019,Round of 16,Tue,2019-02-19,20:00,Liverpooleng,0–0,deBayern Munich,"52,250",Anfield,Gianluca Rocchi,Match Report,Leg 1 of 2
2018-2019,Round of 16,Tue,2019-02-19,21:00,Lyonfr,0–0,esBarcelona,"57,889",Groupama Stadium,Cüneyt Çakιr,Match Report,Leg 1 of 2
2018-2019,Round of 16,Wed,2019-02-20,21:00,Schalke 04de,2–3,engManchester City,"54,417",Veltins-Arena,Alejandro Hernández,Match Report,Leg 1 of 2
2018-2019,Round of 16,Wed,2019-02-20,21:00,Atlético Madrides,2–0,itJuventus,"67,193",Estadio Wanda Metropolitano,Felix Zwayer,Match Report,Leg 1 of 2
2018-2019,Round of 16,Tue,2019-03-05,21:00,Real Madrides,1–4,nlAjax,"77,013",Estadio Santiago Bernabéu,Felix Brych,Match Report,Leg 2 of 2; Ajax won
2018-2019,Round of 16,Tue,2019-03-05,21:00,Dortmundde,0–1,engTottenham,"66,099",Signal Iduna Park,Danny Makkelie,Match Report,Leg 2 of 2; Tottenham won
2018-2019,Round of 16,Wed,2019-03-06,20:00,Portopt,3–1,itRoma,"49,029",Estádio Do Dragão,Paweł Gil,Match Report,Leg 2 of 2; Porto won; Required Extra Time
2018-2019,Round of 16,Wed,2019-03-06,21:00,Paris S-Gfr,1–3,engManchester Utd,"47,441",Parc des Princes,Damir Skomina,Match Report,Leg 2 of 2; Manchester Utd won
2018-2019,Round of 16,Tue,2019-03-12,20:00,Manchester Cityeng,7–0,deSchalke 04,"51,518",Etihad Stadium,Clément Turpin,Match Report,Leg 2 of 2; Manchester City won
2018-2019,Round of 16,Tue,2019-03-12,21:00,Juventusit,3–0,esAtlético Madrid,"40,884",Allianz Stadium,Björn Kuipers,Match Report,Leg 2 of 2; Juventus won
2018-2019,Round of 16,Wed,2019-03-13,21:00,Bayern Munichde,1–3,engLiverpool,"68,145",Allianz Arena,Daniele Orsato,Match Report,Leg 2 of 2; Liverpool won
2018-2019,Round of 16,Wed,2019-03-13,21:00,Barcelonaes,5–1,frLyon,"92,346",Camp Nou,Szymon Marciniak,Match Report,Leg 2 of 2; Barcelona won
2018-2019,,,,,,,,,,,,
2018-2019,Quarter-finals,Tue,2019-04-09,20:00,Tottenhameng,1–0,engManchester City,"60,044",Tottenham Hotspur Stadium,Björn Kuipers,Match Report,Leg 1 of 2
2018-2019,Quarter-finals,Tue,2019-04-09,20:00,Liverpooleng,2–0,ptPorto,"52,465",Anfield,Antonio Matéu Lahoz,Match Report,Leg 1 of 2
2018-2019,Quarter-finals,Wed,2019-04-10,20:00,Manchester Utdeng,0–1,esBarcelona,"74,093",Old Trafford,Gianluca Rocchi,Match Report,Leg 1 of 2
2018-2019,Quarter-finals,Wed,2019-04-10,21:00,Ajaxnl,1–1,itJuventus,"50,390",Johan Cruyff ArenA,Carlos del Cerro,Match Report,Leg 1 of 2
2018-2019,Quarter-finals,Tue,2019-04-16,21:00,Juventusit,1–2,nlAjax,"41,445",Allianz Stadium,Clément Turpin,Match Report,Leg 2 of 2; Ajax won
2018-2019,Quarter-finals,Tue,2019-04-16,21:00,Barcelonaes,3–0,engManchester Utd,"96,708",Camp Nou,Felix Brych,Match Report,Leg 2 of 2; Barcelona won
2018-2019,Quarter-finals,Wed,2019-04-17,20:00,Manchester Cityeng,4–3,engTottenham,"53,348",Etihad Stadium,Cüneyt Çakιr,Match Report,Leg 2 of 2; Tottenham won
2018-2019,Quarter-finals,Wed,2019-04-17,20:00,Portopt,1–4,engLiverpool,"49,117",Estádio Do Dragão,Danny Makkelie,Match Report,Leg 2 of 2; Liverpool won
2018-2019,,,,,,,,,,,,
2018-2019,Semi-finals,Tue,2019-04-30,20:00,Tottenhameng,0–1,nlAjax,"60,243",Tottenham Hotspur Stadium,Antonio Matéu Lahoz,Match Report,Leg 1 of 2
2018-2019,Semi-finals,Wed,2019-05-01,21:00,Barcelonaes,3–0,engLiverpool,"98,299",Camp Nou,Björn Kuipers,Match Report,Leg 1 of 2
2018-2019,Semi-finals,Tue,2019-05-07,20:00,Liverpooleng,4–0,esBarcelona,"55,212",Anfield,Cüneyt Çakιr,Match Report,Leg 2 of 2; Liverpool won
2018-2019,Semi-finals,Wed,2019-05-08,21:00,Ajaxnl,2–3,engTottenham,"52,641",Johan Cruyff ArenA,Felix Brych,Match Report,Leg 2 of 2; Tottenham won
2018-2019,,,,,,,,,,,,
2018-2019,Final,Sat,2019-06-01,21:00,Tottenhameng,0–2,engLiverpool,"63,272",Estadio Wanda Metropolitano (Neutral Site),Damir Skomina,Match Report,
2019-2020,Round,Day,Date,Time,Home,Score,Away,Attendance,Venue,Referee,Match Report,Notes
2019-2020,Round of 16,Tue,2020-02-18,21:00,Atlético Madrides,1–0,engLiverpool,"67,443",Estadio Wanda Metropolitano,Szymon Marciniak,Match Report,Leg 1 of 2
2019-2020,Round of 16,Tue,2020-02-18,21:00,Dortmundde,2–1,frParis S-G,"66,099",Signal Iduna Park,Antonio Matéu Lahoz,Match Report,Leg 1 of 2
2019-2020,Round of 16,Wed,2020-02-19,20:00,Tottenhameng,0–1,deRB Leipzig,"60,095",Tottenham Hotspur Stadium,Cüneyt Çakιr,Match Report,Leg 1 of 2
2019-2020,Round of 16,Wed,2020-02-19,21:00,Atalantait,4–1,esValencia,"44,236",Stadio Giuseppe Meazza,Michael Oliver,Match Report,Leg 1 of 2
2019-2020,Round of 16,Tue,2020-02-25,20:00,Chelseaeng,0–3,deBayern Munich,"36,761",Stamford Bridge,Clément Turpin,Match Report,Leg 1 of 2
2019-2020,Round of 16,Tue,2020-02-25,21:00,Napoliit,1–1,esBarcelona,"44,388",Stadio San Paolo,Felix Brych,Match Report,Leg 1 of 2
2019-2020,Round of 16,Wed,2020-02-26,21:00,Real Madrides,1–2,engManchester City,"75,615",Estadio Santiago Bernabéu,Daniele Orsato,Match Report,Leg 1 of 2
2019-2020,Round of 16,Wed,2020-02-26,21:00,Lyonfr,1–0,itJuventus,"57,335",Groupama Stadium,Jesús Gil,Match Report,Leg 1 of 2
2019-2020,Round of 16,Tue,2020-03-10,21:00,Valenciaes,3–4,itAtalanta,,Estadio de Mestalla,Ovidiu Hațegan,Match Report,Leg 2 of 2; Atalanta won
2019-2020,Round of 16,Tue,2020-03-10,21:00,RB Leipzigde,3–0,engTottenham,"42,146",Red Bull Arena,Carlos del Cerro,Match Report,Leg 2 of 2; RB Leipzig won
2019-2020,Round of 16,Wed,2020-03-11,20:00,Liverpooleng,2–3,esAtlético Madrid,"52,267",Anfield,Danny Makkelie,Match Report,Leg 2 of 2; Atlético Madrid won; Required Extra Time
2019-2020,Round of 16,Wed,2020-03-11,21:00,Paris S-Gfr,2–0,deDortmund,,Parc des Princes,Anthony Taylor,Match Report,Leg 2 of 2; Paris S-G won
2019-2020,Round of 16,Fri,2020-08-07,20:00,Manchester Cityeng,2–1,esReal Madrid,,Etihad Stadium,Felix Brych,Match Report,Leg 2 of 2; Manchester City won
2019-2020,Round of 16,Fri,2020-08-07,21:00,Juventusit,2–1,frLyon,,Allianz Stadium,Felix Zwayer,Match Report,Leg 2 of 2; Lyon won
2019-2020,Round of 16,Sat,2020-08-08,21:00,Barcelonaes,3–1,itNapoli,,Camp Nou,Cüneyt Çakιr,Match Report,Leg 2 of 2; Barcelona won
2019-2020,Round of 16,Sat,2020-08-08,21:00,Bayern Munichde,4–1,engChelsea,,Allianz Arena,Ovidiu Hațegan,Match Report,Leg 2 of 2; Bayern Munich won
2019-2020,,,,,,,,,,,,
2019-2020,Quarter-finals,Wed,2020-08-12,21:00,Atalantait,1–2,frParis S-G,,Estádio do Sport Lisboa e Benfica (Neutral Site),Anthony Taylor,Match Report,
2019-2020,Quarter-finals,Thu,2020-08-13,21:00,RB Leipzigde,2–1,esAtlético Madrid,,Estádio José Alvalade (Neutral Site),Szymon Marciniak,Match Report,
2019-2020,Quarter-finals,Fri,2020-08-14,20:00,Barcelonaes,2–8,deBayern Munich,,Estádio do Sport Lisboa e Benfica (Neutral Site),Damir Skomina,Match Report,
2019-2020,Quarter-finals,Sat,2020-08-15,20:00,Manchester Cityeng,1–3,frLyon,,Estádio José Alvalade (Neutral Site),Danny Makkelie,Match Report,
2019-2020,,,,,,,,,,,,
2019-2020,Semi-finals,Tue,2020-08-18,20:00,RB Leipzigde,0–3,frParis S-G,,Estádio do Sport Lisboa e Benfica (Neutral Site),Björn Kuipers,Match Report,
2019-2020,Semi-finals,Wed,2020-08-19,20:00,Lyonfr,0–3,deBayern Munich,,Estádio José Alvalade (Neutral Site),Antonio Matéu Lahoz,Match Report,
2019-2020,,,,,,,,,,,,
2019-2020,Final,Sun,2020-08-23,20:00,Paris S-Gfr,0–1,deBayern Munich,,Estádio do Sport Lisboa e Benfica (Neutral Site),Daniele Orsato,Match Report,
2020-2021,Round,Day,Date,Time,Home,Score,Away,Attendance,Venue,Referee,Match Report,Notes
2020-2021,Round of 16,Tue,2021-02-16,21:00,RB Leipzigde,0–2,engLiverpool,,Puskás Aréna (Neutral Site),Slavko Vinčič,Match Report,Leg 1 of 2
2020-2021,Round of 16,Tue,2021-02-16,21:00,Barcelonaes,1–4,frParis S-G,,Camp Nou,Björn Kuipers,Match Report,Leg 1 of 2
2020-2021,Round of 16,Wed,2021-02-17,20:00,Portopt,2–1,itJuventus,,Estádio Do Dragão,Carlos del Cerro,Match Report,Leg 1 of 2
2020-2021,Round of 16,Wed,2021-02-17,21:00,Sevillaes,2–3,deDortmund,,Estadio Ramón Sánchez Pizjuán,Danny Makkelie,Match Report,Leg 1 of 2
2020-2021,Round of 16,Tue,2021-02-23,21:00,Lazioit,1–4,deBayern Munich,,Stadio Olimpico,Orel Grinfeeld,Match Report,Leg 1 of 2
2020-2021,Round of 16,Tue,2021-02-23,21:00,Atlético Madrides,0–1,engChelsea,,Arena Naţională (Neutral Site),Felix Brych,Match Report,Leg 1 of 2
2020-2021,Round of 16,Wed,2021-02-24,21:00,M'Gladbachde,0–2,engManchester City,,Puskás Aréna (Neutral Site),Artur Soares Dias,Match Report,Leg 1 of 2
2020-2021,Round of 16,Wed,2021-02-24,21:00,Atalantait,0–1,esReal Madrid,,Stadio Atleti Azzurri d'Italia,Tobias Stieler,Match Report,Leg 1 of 2
2020-2021,Round of 16,Tue,2021-03-09,21:00,Dortmundde,2–2,esSevilla,,Fußballpark BVB Hohenbuschei,Cüneyt Çakιr,Match Report,Leg 2 of 2; Dortmund won
2020-2021,Round of 16,Tue,2021-03-09,21:00,Juventusit,3–2,ptPorto,,Allianz Stadium,Björn Kuipers,Match Report,Leg 2 of 2; Porto won; Required Extra Time
2020-2021,Round of 16,Wed,2021-03-10,20:00,Liverpooleng,2–0,deRB Leipzig,,Puskás Aréna (Neutral Site),Clément Turpin,Match Report,Leg 2 of 2; Liverpool won
2020-2021,Round of 16,Wed,2021-03-10,21:00,Paris S-Gfr,1–1,esBarcelona,,Parc des Princes,Anthony Taylor,Match Report,Leg 2 of 2; Paris S-G won
2020-2021,Round of 16,Tue,2021-03-16,20:00,Manchester Cityeng,2–0,deM'Gladbach,,Puskás Aréna (Neutral Site),Sergey Karasev,Match Report,Leg 2 of 2; Manchester City won
2020-2021,Round of 16,Tue,2021-03-16,21:00,Real Madrides,3–1,itAtalanta,,Estadio Alfredo Di Stéfano,Danny Makkelie,Match Report,Leg 2 of 2; Real Madrid won
2020-2021,Round of 16,Wed,2021-03-17,20:00,Chelseaeng,2–0,esAtlético Madrid,,Stamford Bridge,Daniele Orsato,Match Report,Leg 2 of 2; Chelsea won
2020-2021,Round of 16,Wed,2021-03-17,21:00,Bayern Munichde,2–1,itLazio,,Allianz Arena,István Kovács,Match Report,Leg 2 of 2; Bayern Munich won
2020-2021,,,,,,,,,,,,
2020-2021,Quarter-finals,Tue,2021-04-06,20:00,Manchester Cityeng,2–1,deDortmund,,Etihad Stadium,Ovidiu Hațegan,Match Report,Leg 1 of 2
2020-2021,Quarter-finals,Tue,2021-04-06,21:00,Real Madrides,3–1,engLiverpool,,Estadio Alfredo Di Stéfano,Felix Brych,Match Report,Leg 1 of 2
2020-2021,Quarter-finals,Wed,2021-04-07,20:00,Portopt,0–2,engChelsea,,Estadio Ramón Sánchez Pizjuán (Neutral Site),Slavko Vinčič,Match Report,Leg 1 of 2
2020-2021,Quarter-finals,Wed,2021-04-07,21:00,Bayern Munichde,2–3,frParis S-G,,Allianz Arena,Antonio Matéu Lahoz,Match Report,Leg 1 of 2
2020-2021,Quarter-finals,Tue,2021-04-13,20:00,Chelseaeng,0–1,ptPorto,,Estadio Ramón Sánchez Pizjuán (Neutral Site),Clément Turpin,Match Report,Leg 2 of 2; Chelsea won
2020-2021,Quarter-finals,Tue,2021-04-13,21:00,Paris S-Gfr,0–1,deBayern Munich,,Parc des Princes,Daniele Orsato,Match Report,Leg 2 of 2; Paris S-G won
2020-2021,Quarter-finals,Wed,2021-04-14,20:00,Liverpooleng,0–0,esReal Madrid,,Anfield,Björn Kuipers,Match Report,Leg 2 of 2; Real Madrid won
2020-2021,Quarter-finals,Wed,2021-04-14,21:00,Dortmundde,1–2,engManchester City,,Signal Iduna Park,Carlos del Cerro,Match Report,Leg 2 of 2; Manchester City won
2020-2021,,,,,,,,,,,,
2020-2021,Semi-finals,Tue,2021-04-27,21:00,Real Madrides,1–1,engChelsea,,Estadio Alfredo Di Stéfano,Danny Makkelie,Match Report,Leg 1 of 2
2020-2021,Semi-finals,Wed,2021-04-28,21:00,Paris S-Gfr,1–2,engManchester City,,Parc des Princes,Felix Brych,Match Report,Leg 1 of 2
2020-2021,Semi-finals,Tue,2021-05-04,20:00,Manchester Cityeng,2–0,frParis S-G,,Etihad Stadium,Björn Kuipers,Match Report,Leg 2 of 2; Manchester City won
2020-2021,Semi-finals,Wed,2021-05-05,20:00,Chelseaeng,2–0,esReal Madrid,,Stamford Bridge,Daniele Orsato,Match Report,Leg 2 of 2; Chelsea won
2020-2021,,,,,,,,,,,,
2020-2021,Final,Sat,2021-05-29,22:00,Manchester Cityeng,0–1,engChelsea,"14,110",Estádio Do Dragão (Neutral Site),Antonio Matéu Lahoz,Match Report,
2021-2022,Round,Day,Date,Time,Home,Score,Away,Attendance,Venue,Referee,Match Report,Notes
2021-2022,Round of 16,Tue,2022-02-15,20:00,Sporting CPpt,0–5,engManchester City,"48,129",Estádio José Alvalade,Srdjan Stojanovic,Match Report,Leg 1 of 2
2021-2022,Round of 16,Tue,2022-02-15,21:00,Paris S-Gfr,1–0,esReal Madrid,"47,443",Parc des Princes,Daniele Orsato,Match Report,Leg 1 of 2
2021-2022,Round of 16,Wed,2022-02-16,21:00,Interit,0–2,engLiverpool,"37,918",Stadio Giuseppe Meazza,Szymon Marciniak,Match Report,Leg 1 of 2
2021-2022,Round of 16,Wed,2022-02-16,21:00,RB Salzburgat,1–1,deBayern Munich,"29,520",Red Bull Arena,Michael Oliver,Match Report,Leg 1 of 2
2021-2022,Round of 16,Tue,2022-02-22,20:00,Chelseaeng,2–0,frLille,"38,832",Stamford Bridge,Jesús Gil,Match Report,Leg 1 of 2
2021-2022,Round of 16,Tue,2022-02-22,21:00,Villarreales,1–1,itJuventus,"17,686",Estadio de la Cerámica,Daniel Siebert,Match Report,Leg 1 of 2
2021-2022,Round of 16,Wed,2022-02-23,20:00,Benficapt,2–2,nlAjax,"54,760",Estádio do Sport Lisboa e Benfica,Slavko Vinčič,Match Report,Leg 1 of 2
2021-2022,Round of 16,Wed,2022-02-23,21:00,Atlético Madrides,1–1,engManchester Utd,"63,273",Estadio Wanda Metropolitano,Ovidiu Hațegan,Match Report,Leg 1 of 2
2021-2022,Round of 16,Tue,2022-03-08,20:00,Liverpooleng,0–1,itInter,"51,747",Anfield,Antonio Matéu Lahoz,Match Report,Leg 2 of 2; Liverpool won
2021-2022,Round of 16,Tue,2022-03-08,21:00,Bayern Munichde,7–1,atRB Salzburg,"25,000",Allianz Arena,Clément Turpin,Match Report,Leg 2 of 2; Bayern Munich won
2021-2022,Round of 16,Wed,2022-03-09,20:00,Manchester Cityeng,0–0,ptSporting CP,"51,213",Etihad Stadium,Halil Umut Meler,Match Report,Leg 2 of 2; Manchester City won
2021-2022,Round of 16,Wed,2022-03-09,21:00,Real Madrides,3–1,frParis S-G,"59,895",Estadio Santiago Bernabéu,Danny Makkelie,Match Report,Leg 2 of 2; Real Madrid won
2021-2022,Round of 16,Tue,2022-03-15,20:00,Manchester Utdeng,0–1,esAtlético Madrid,"73,008",Old Trafford,Slavko Vinčič,Match Report,Leg 2 of 2; Atlético Madrid won
2021-2022,Round of 16,Tue,2022-03-15,21:00,Ajaxnl,0–1,ptBenfica,"54,066",Johan Cruyff ArenA,Carlos del Cerro,Match Report,Leg 2 of 2; Benfica won
2021-2022,Round of 16,Wed,2022-03-16,21:00,Juventusit,0–3,esVillarreal,"30,385",Allianz Stadium,Szymon Marciniak,Match Report,Leg 2 of 2; Villarreal won
2021-2022,Round of 16,Wed,2022-03-16,21:00,Lillefr,1–2,engChelsea,"49,048",Stade Pierre-Mauroy,Davide Massa,Match Report,Leg 2 of 2; Chelsea won
2021-2022,,,,,,,,,,,,
2021-2022,Quarter-finals,Tue,2022-04-05,20:00,Manchester Cityeng,1–0,esAtlético Madrid,"52,018",Etihad Stadium,István Kovács,Match Report,Leg 1 of 2
2021-2022,Quarter-finals,Tue,2022-04-05,20:00,Benficapt,1–3,engLiverpool,"59,633",Estádio do Sport Lisboa e Benfica,Jesús Gil,Match Report,Leg 1 of 2
2021-2022,Quarter-finals,Wed,2022-04-06,20:00,Chelseaeng,1–3,esReal Madrid,"38,689",Stamford Bridge,Clément Turpin,Match Report,Leg 1 of 2
2021-2022,Quarter-finals,Wed,2022-04-06,21:00,Villarreales,1–0,deBayern Munich,"21,626",Estadio de la Cerámica,Anthony Taylor,Match Report,Leg 1 of 2
2021-2022,Quarter-finals,Tue,2022-04-12,21:00,Real Madrides,2–3,engChelsea,"59,839",Estadio Santiago Bernabéu,Szymon Marciniak,Match Report,Leg 2 of 2; Real Madrid won; Required Extra Time
2021-2022,Quarter-finals,Tue,2022-04-12,21:00,Bayern Munichde,1–1,esVillarreal,"70,000",Allianz Arena,Slavko Vinčič,Match Report,Leg 2 of 2; Villarreal won
2021-2022,Quarter-finals,Wed,2022-04-13,20:00,Liverpooleng,3–3,ptBenfica,"51,373",Anfield,Serdar Gözübüyük,Match Report,Leg 2 of 2; Liverpool won
2021-2022,Quarter-finals,Wed,2022-04-13,21:00,Atlético Madrides,0–0,engManchester City,"65,675",Estadio Wanda Metropolitano,Daniel Siebert,Match Report,Leg 2 of 2; Manchester City won
2021-2022,,,,,,,,,,,,
2021-2022,Semi-finals,Tue,2022-04-26,20:00,Manchester Cityeng,4–3,esReal Madrid,"52,217",Etihad Stadium,István Kovács,Match Report,Leg 1 of 2
2021-2022,Semi-finals,Wed,2022-04-27,20:00,Liverpooleng,2–0,esVillarreal,"51,586",Anfield,Szymon Marciniak,Match Report,Leg 1 of 2
2021-2022,Semi-finals,Tue,2022-05-03,21:00,Villarreales,2–3,engLiverpool,"23,665",Estadio de la Cerámica,Danny Makkelie,Match Report,Leg 2 of 2; Liverpool won
2021-2022,Semi-finals,Wed,2022-05-04,21:00,Real Madrides,3–1,engManchester City,"61,416",Estadio Santiago Bernabéu,Daniele Orsato,Match Report,Leg 2 of 2; Real Madrid won; Required Extra Time
2021-2022,,,,,,,,,,,,
2021-2022,Final,Sat,2022-05-28,21:30,Liverpooleng,0–1,esReal Madrid,"75,000",Stade de France (Neutral Site),Clément Turpin,Match Report,
2022-2023,Round,Day,Date,Time,Home,Score,Away,Attendance,Venue,Referee,Match Report,Notes
2022-2023,Round of 16,Tue,2023-02-14,21:00,Milanit,1–0,engTottenham,"74,320",Stadio Giuseppe Meazza,Sandro Schärer,Match Report,Leg 1 of 2
2022-2023,Round of 16,Tue,2023-02-14,21:00,Paris S-Gfr,0–1,deBayern Munich,"46,435",Parc des Princes,Michael Oliver,Match Report,Leg 1 of 2
2022-2023,Round of 16,Wed,2023-02-15,21:00,Club Bruggebe,0–2,ptBenfica,"24,136",Jan Breydelstadion,Davide Massa,Match Report,Leg 1 of 2
2022-2023,Round of 16,Wed,2023-02-15,21:00,Dortmundde,1–0,engChelsea,"81,365",Signal Iduna Park,Jesús Gil,Match Report,Leg 1 of 2
2022-2023,Round of 16,Tue,2023-02-21,20:00,Liverpooleng,2–5,esReal Madrid,"52,337",Anfield,István Kovács,Match Report,Leg 1 of 2
2022-2023,Round of 16,Tue,2023-02-21,21:00,Eint Frankfurtde,0–2,itNapoli,"47,500",Deutsche Bank Park,Artur Dias,Match Report,Leg 1 of 2
2022-2023,Round of 16,Wed,2023-02-22,21:00,Interit,1–0,ptPorto,"75,374",Stadio Giuseppe Meazza,Srđan Jovanović,Match Report,Leg 1 of 2
2022-2023,Round of 16,Wed,2023-02-22,21:00,RB Leipzigde,1–1,engManchester City,"45,228",Red Bull Arena,Serdar Gözübüyük,Match Report,Leg 1 of 2
2022-2023,Round of 16,Tue,2023-03-07,20:00,Benficapt,5–1,beClub Brugge,"60,960",Estádio do Sport Lisboa e Benfica,Halil Umut Meler,Match Report,Leg 2 of 2; Benfica won
2022-2023,Round of 16,Tue,2023-03-07,20:00,Chelseaeng,2–0,deDortmund,"38,882",Stamford Bridge,Danny Makkelie,Match Report,Leg 2 of 2; Chelsea won
2022-2023,Round of 16,Wed,2023-03-08,20:00,Tottenhameng,0–0,itMilan,"61,602",Tottenham Hotspur Stadium,Clément Turpin,Match Report,Leg 2 of 2; Milan won
2022-2023,Round of 16,Wed,2023-03-08,21:00,Bayern Munichde,2–0,frParis S-G,"75,000",Allianz Arena,Daniele Orsato,Match Report,Leg 2 of 2; Bayern Munich won
2022-2023,Round of 16,Tue,2023-03-14,20:00,Portopt,0–0,itInter,"48,015",Estádio Do Dragão,Szymon Marciniak,Match Report,Leg 2 of 2; Inter won
2022-2023,Round of 16,Tue,2023-03-14,20:00,Manchester Cityeng,7–0,deRB Leipzig,"52,038",Etihad Stadium,Slavko Vinčič,Match Report,Leg 2 of 2; Manchester City won
2022-2023,Round of 16,Wed,2023-03-15,21:00,Real Madrides,1–0,engLiverpool,"63,127",Estadio Santiago Bernabéu,Felix Zwayer,Match Report,Leg 2 of 2; Real Madrid won
2022-2023,Round of 16,Wed,2023-03-15,21:00,Napoliit,3–0,deEint Frankfurt,"49,082",Stadio Diego Armando Maradona,Anthony Taylor,Match Report,Leg 2 of 2; Napoli won
2022-2023,,,,,,,,,,,,
2022-2023,Quarter-finals,Tue,2023-04-11,20:00,Benficapt,0–2,itInter,"62,594",Estádio da Luz (1954),Michael Oliver,Match Report,Leg 1 of 2
2022-2023,Quarter-finals,Tue,2023-04-11,20:00,Manchester Cityeng,3–0,deBayern Munich,"52,257",Etihad Stadium,Jesús Gil,Match Report,Leg 1 of 2
2022-2023,Quarter-finals,Wed,2023-04-12,21:00,Milanit,1–0,itNapoli,"74,742",Stadio Giuseppe Meazza,István Kovács,Match Report,Leg 1 of 2
2022-2023,Quarter-finals,Wed,2023-04-12,21:00,Real Madrides,2–0,engChelsea,"63,142",Estadio Santiago Bernabéu,François Letexier,Match Report,Leg 1 of 2
2022-2023,Quarter-finals,Tue,2023-04-18,20:00,Chelseaeng,0–2,esReal Madrid,"39,453",Stamford Bridge,Daniele Orsato,Match Report,Leg 2 of 2; Real Madrid won
2022-2023,Quarter-finals,Tue,2023-04-18,21:00,Napoliit,1–1,itMilan,"52,728",Stadio Diego Armando Maradona,Szymon Marciniak,Match Report,Leg 2 of 2; Milan won
2022-2023,Quarter-finals,Wed,2023-04-19,21:00,Interit,3–3,ptBenfica,"75,380",Stadio Giuseppe Meazza,Carlos del Cerro,Match Report,Leg 2 of 2; Inter won
2022-2023,Quarter-finals,Wed,2023-04-19,21:00,Bayern Munichde,1–1,engManchester City,"75,000",Allianz Arena,Clément Turpin,Match Report,Leg 2 of 2; Manchester City won
2022-2023,,,,,,,,,,,,
2022-2023,Semi-finals,Tue,2023-05-09,21:00,Real Madrides,1–1,engManchester City,"63,485",Estadio Santiago Bernabéu,Artur Dias,Match Report,Leg 1 of 2
2022-2023,Semi-finals,Wed,2023-05-10,21:00,Milanit,0–2,itInter,"75,532",Stadio Giuseppe Meazza,Jesús Gil,Match Report,Leg 1 of 2
2022-2023,Semi-finals,Tue,2023-05-16,21:00,Interit,1–0,itMilan,"75,567",Stadio Giuseppe Meazza,Clément Turpin,Match Report,Leg 2 of 2; Inter won
2022-2023,Semi-finals,Wed,2023-05-17,20:00,Manchester Cityeng,4–0,esReal Madrid,"52,313",Etihad Stadium,Szymon Marciniak,Match Report,Leg 2 of 2; Manchester City won
2022-2023,,,,,,,,,,,,
2022-2023,Final,Sat,2023-06-10,22:00,Manchester Cityeng,1–0,itInter,"71,412",Atatürk Olimpiyat Stadı (Neutral Site),Szymon Marciniak,Match Report,
